year|rid|agency|inst_type|cra_filer|id_tax|id_rssd|id_fdic_cert|id_ncua|id_occ|domain_2015|domain_2014|domain_2013|nm_lgl|state_abbr_nm|city|state_cd|hmda_filer|p_rid|p_rssd|p_name|p_city|p_state|assets|olc
2015|Bank0_RID|9|1|1|b0-testtaxid|6999998|7999998|8999998|9999998|@bank0.com|@bank0.com|@bank0.com|bank-0 National Association|CA|Davis|06|1|Bank0_Parent_RID|6999988.0|Bank0-parent|Somewhereville|CA|100000|0
2015|Bank1_RID|9|1|1|b1-testtaxid|6999999|7999999|8999999|9999999|@bank1.com|@bank1.com|@bank1.com|bank-1 Mortgage Lending|DC|Washington|11|1|Bank1_Parent_RID|6999989.0|Bank1-parent|Elsewheretown|DC|200000|0
2015|8229|1|1|-1|610153455|718547|2736|0|8229||||FIRST NATIONAL BANK OF MUHLENBERG COUNTY, KENTUCKY|KY|CENTRAL CITY|21|1|-1|1096493.0|FIRST UNITED, INC.|CENTRAL CITY|KY|148317|0
2015|12955|1|1|-1|430216490|870650|4549|0|12955|CNBSTL.COM|CNBSTL.COM|CNBSTL.COM|CITIZENS NATIONAL BANK OF GREATER ST. LOUIS|MO|MAPLEWOOD|29|1|-1|1140930.0|CARDINAL BANCORP, INC.|MAPLEWOOD|MO|418859|0
2015|706230|1|5|-1|210534340|934271|30996|0|706230||||CENLAR FSB|NJ|TRENTON|34|1|-1|3836880.0|CENLAR CAPITAL CORPORATION|EWING|NJ|862858|0
2015|706230|1|5|-1|210534340|934271|30996|0|706230||||CENLAR FSB|NJ|TRENTON|34|1|-1|3836880.0|CENLAR CAPITAL CORPORATION|EWING|NJ|862858|0
2015|706230|1|5|-1|210534340|934271|30996|0|706230||||CENLAR FSB|NJ|TRENTON|34|1|-1|3836880.0|CENLAR CAPITAL CORPORATION|EWING|NJ|862858|0
2015|20214|1|1|-1|592475686|188430|26323|0|20214|FLCB.COM|FLCB.COM|FLCB.COM|FLORIDA CAPITAL BANK, N.A.|FL|JACKSONVILLE|12|1|-1|3223828.0|FLORIDA CAPITAL GROUP, INC.|JACKSONVILLE|FL|378840|0
2015|718024|1|5|-1|0|442011|16040|0|718024||||GENERATIONS BANK|NY|SENECA FALLS|36|1|-1|2912479.0|SENECA-CAYUGA BANCORP, INC.|SENECA FALLS|NY|278402|0
2015|718024|1|5|-1|0|442011|16040|0|718024||||GENERATIONS BANK|NY|SENECA FALLS|36|1|-1|2912479.0|SENECA-CAYUGA BANCORP, INC.|SENECA FALLS|NY|278402|0
2015|706210|1|5|-1|383206228|745374|30985|0|706210||||FIRST FEDERAL OF NORTHERN MICHIGAN|MI|ALPENA|26|1|-1|3852107.0|FIRST FEDERAL OF NORTHERN MICHIGAN BANCORP, INC.|ALPENA|MI|325386|0
2015|702892|1|5|-1|620309135|894272|29089|0|702892||||NEWPORT FEDERAL BANK|TN|NEWPORT|47|1|-1|3842108.0|UNITED TENNESSEE BANKSHARES|NEWPORT|TN|190752|0
2015|9786|1|1|-1|370274460|122546|3834|0|9786||||FIRST NATIONAL BANK OF SANDOVAL, THE|IL|SANDOVAL|17|1|-1|1139523.0|FIRST SANDOVAL BANCORP, INC.|SANDOVAL|IL|44948|0
2015|17967|1|1|-1|751892733|1013856|24763|0|17967||||PANOLA NATIONAL BANK|TX|CARTHAGE|48|1|-1|2860918.0|PANOLA NATIONAL BANCSHARES, INC.|CARTHAGE|TX|126407|0
2015|23457|1|1|-1|410531730|1011656|10160|0|23457||STEARNSBANK.COM||STEARNS BANK OF HOLDINGFORD, NATIONAL ASSOCIATION|MN|HOLDINGFORD|27|1|-1|1427275.0|STEARNS FINANCIAL SERVICES, INC.|SAINT CLOUD|MN|98738|0
2015|23457|1|1|-1|410531730|1011656|10160|0|23457||STEARNSBANK.COM||STEARNS BANK OF HOLDINGFORD, NATIONAL ASSOCIATION|MN|HOLDINGFORD|27|1|-1|1427275.0|STEARNS FINANCIAL SERVICES, INC.|SAINT CLOUD|MN|98738|0
2015|9784|1|1|-1|0|44040|4364|0|9784||||FIRST NATIONAL BANK OF MONTEREY, THE|IN|MONTEREY|18|1|NaN|||||317970|0
2015|706859|1|5|-1|591008568|408875|31390|0|706859|AXIOMBANKING.COM|AXIOMBANKING.COM|URBANTRUSTBANK.COM|AXIOM BANK|FL|MAITLAND|12|1|-1|3837962.0|AXIOM BANCSHARES, INC.|MAITLAND|FL|657159|0
2015|7592|1|1|-1|630095181|112332|2804|0|7592|FNBHARTFORD.COM|FNBHARTFORD.COM|FNBHARTFORD.COM|FIRST NATIONAL BANK OF HARTFORD|AL|HARTFORD|1|1|-1|1084052.0|FIRST HARTFORD BANCSHARES, INC.|HARTFORD|AL|118986|0
2015|702007|1|5|-1|0|123075|28637|0|702007||||MILTON SAVINGS BANK|PA|MILTON|42|1|NaN|||||64705|0
2015|700528|1|5|-1|0|682479|27909|0|700528||||HOME FEDERAL SAVINGS AND LOAN ASSOCIATION|IL|COLLINSVILLE|17|1|NaN|||||91220|0
2015|1493|1|1|-1|610290000|702612|2700|0|1493|FSNB.NET|FSNB.NET|FSNB.NET|FIRST SOUTHERN NATIONAL BANK|KY|LANCASTER|21|1|-1|1247987.0|FIRST SOUTHERN BANCORP, INC.|STANFORD|KY|683163|0
2015|23393|1|1|-1|370867684|660271|28105|0|23393||||FIRST ROBINSON SAVINGS BANK, NATIONAL ASSOCIATION|IL|ROBINSON|17|1|-1|2558194.0|FIRST ROBINSON FINANCIAL CORPORATION|ROBINSON|IL|271168|0
2015|713964|1|5|-1|0|541307|27015|0|713964||||ADMIRALS BANK|MA|BOSTON|25|1|-1|1250138.0|ADMIRALS BANCORP, INC.|BOSTON|MA|451471|0
2015|713964|1|5|-1|0|541307|27015|0|713964||||ADMIRALS BANK|MA|BOSTON|25|1|-1|1250138.0|ADMIRALS BANCORP, INC.|BOSTON|MA|451471|0
2015|713964|1|5|-1|0|541307|27015|0|713964||||ADMIRALS BANK|MA|BOSTON|25|1|-1|1250138.0|ADMIRALS BANCORP, INC.|BOSTON|MA|451471|0
2015|701158|1|5|-1|0|875879|28217|0|701158||||WARSAW FEDERAL SAVINGS AND LOAN ASSOCIATION|OH|CINCINNATI|39|1|NaN|||||66709|0
2015|24661|1|1|-1|203742585|3603457|58376|0|24661|ENCOREBANK.COM|ENCOREBANK.COM|ENCORENATIONALBANK.COM|ENCORE BANK, NATIONAL ASSOCIATION|FL|NAPLES|12|1|-1|4114884.0|OVATION HOLDINGS, INC.|NAPLES|FL|354161|0
2015|24129|1|1|-1|770560024|3025406|57086|0|24129||||BRIDGE BANK, NATIONAL ASSOCIATION|CA|SAN JOSE|6|1|-1|3280988.0|BRIDGE CAPITAL HOLDINGS|SAN JOSE|CA|1810353|0
2015|24129|1|1|-1|770560024|3025406|57086|0|24129||||BRIDGE BANK, NATIONAL ASSOCIATION|CA|SAN JOSE|6|1|-1|3280988.0|BRIDGE CAPITAL HOLDINGS|SAN JOSE|CA|1810353|0
2015|24129|1|1|-1|770560024|3025406|57086|0|24129||||BRIDGE BANK, NATIONAL ASSOCIATION|CA|SAN JOSE|6|1|-1|3280988.0|BRIDGE CAPITAL HOLDINGS|SAN JOSE|CA|1810353|0
2015|24129|1|1|-1|770560024|3025406|57086|0|24129||||BRIDGE BANK, NATIONAL ASSOCIATION|CA|SAN JOSE|6|1|-1|3280988.0|BRIDGE CAPITAL HOLDINGS|SAN JOSE|CA|1810353|0
2015|2747466|2|2|-1|430590425|2747466|8274|0|0||||EXCHANGE BANK OF NORTHEAST MISSOURI|MO|KAHOKA|29|1|-1|1097173.0|LINCOLN COUNTY BANCORP, INC.|TROY|MO|145251|0
2015|1864197|2|2|-1|770262278|1864197|33457|0|0|OVCB.COM|OVCB.COM|OVCB.COM|OAK VALLEY COMMUNITY BANK|CA|OAKDALE|6|1|-1|3726440.0|OAK VALLEY BANCORP|OAKDALE|CA|749385|0
2015|3597305|2|2|-1|208647183|3597305|58462|0|0||||CAPITAL BANK|CA|SAN JUAN CAPISTRANO|6|1|NaN|||||252474|0
2015|945053|2|2|1|730427310|945053|15399|0|0|BANKRCB.NET|BANKRCB.NET|BANKRCB.NET|RCB BANK|OK|CLAREMORE|40|1|-1|1130584.0|RCB HOLDING COMPANY, INC.|CLAREMORE|OK|2442183|0
2015|830542|2|2|-1|420175400|830542|1552|0|0|CBIBANKS.COM|CBIBANKS.COM||CENTRAL STATE BANK|IA|MUSCATINE|19|1|-1|1203899.0|CENTRAL BANCSHARES, INC.|MUSCATINE|IA|432224|0
2015|952846|2|2|-1|420335310|952846|14291|0|0||||IOWA STATE BANK|IA|WAPELLO|19|1|-1|1205156.0|MORNING SUN BANK CORP.|MORNING SUN|IA|80072|0
2015|2451240|2|2|-1|330665273|2451240|34252|0|0||||PACIFIC COAST BANKERS' BANK|CA|WALNUT CREEK|6|1|-1|2731586.0|PACIFIC COAST BANKERS' BANCSHARES|WALNUT CREEK|CA|595654|0
2015|315357|2|2|-1|480402490|315357|15312|0|0|SMSB.ORG|SMSB.ORG|SMSB.ORG|ST. MARYS STATE BANK, THE|KS|SAINT MARYS|20|1|-1|2192628.0|PCI HOLDINGS, INC.|SAINT MARYS|KS|95493|0
2015|658924|2|2|-1|541050774|658924|22888|0|0|FARMERSANDMINERSBANK.COM|FARMERSANDMINERSBANK.COM|FARMERSANDMINERSBANK.COM|FARMERS AND MINERS BANK|VA|PENNINGTON GAP|51|1|NaN|||||135905|0
2015|463650|2|2|-1|470467141|463650|18489|0|0|ABTBANK.COM|ABTBANK.COM|ABTBANK.COM|ADAMS BANK & TRUST|NE|OGALLALA|31|1|-1|1055623.0|ADBANC, INC.|OGALLALA|NE|664052|0
2015|3536407|2|2|1|205689929|3536407|58427|0|0|USAMERIBANK.COM|USAMERIBANK.COM|USAMERIBANK.COM|USAMERIBANK|FL|CLEARWATER|12|1|-1|3536386.0|USAMERIBANCORP, INC.|CLEARWATER|FL|3075790|0
2015|180443|2|2|-1|420253520|180443|17347|0|0||||IOWA PRAIRIE BANK|IA|BRUNSVILLE|19|1|-1|1131273.0|PRAIRIE VIEW BANKSHARES, INC.|BRUNSVILLE|IA|68040|0
2015|633640|2|2|-1|350201000|633640|13111|0|0|HENDRICKSCOUNTYBANK.COM|HENDRICKSCOUNTYBANK.COM|HENDRICKSCOUNTYBANK.COM|HENDRICKS COUNTY BANK AND TRUST COMPANY|IN|BROWNSBURG|18|1|-1|1207552.0|MIDSTATE FINANCIAL CORPORATION|BROWNSBURG|IN|156553|0
2015|773247|2|2|1|370259550|773247|1040|0|0|midlandstatesbank.com|midlandstatesbank.com|midlandstatesbank.com|MIDLAND STATES BANK|IL|EFFINGHAM|17|1|-1|1491351.0|MIDLAND STATES BANCORP, INC.|EFFINGHAM|IL|1790595|0
2015|566056|2|2|-1|470294010|566056|5424|0|0|MYSECBANK.COM|MYSECBANK.COM|MYSECBANK.COM|SECURITY BANK|NE|LAUREL|31|1|-1|1051009.0|FIRST LAUREL SECURITY CO.|LAUREL|NE|182737|0
2015|117672|2|2|-1|0|117672|26549|0|0||||ABINGTON BANK|MA|ABINGTON|25|1|NaN|||||120535|0
2015|642857|2|2|-1|810135180|642857|2176|0|0||||FIRST COMMUNITY BANK|MT|GLASGOW|30|1|-1|2252009.0|FIRST COMMUNITY BANCORP, INC.|GLASGOW|MT|280975|0
2015|149253|2|2|-1|620123410|149253|9199|0|0||||REELFOOT BANK|TN|UNION CITY|47|1|-1|1099300.0|REELFOOT BANCSHARES, INC.|UNION CITY|TN|148859|0
2015|2826316|2|2|1|731578522|2826316|35348|0|0|ONBBANK.COM|ONBBANK.COM|ONBBANK.COM|ONB BANK AND TRUST COMPANY|OK|TULSA|40|1|-1|2856706.0|TWENTY-FIRST CENTURY FINANCIAL SERVICES COMPANY|TULSA|OK|630895|0
2015|2826316|2|2|1|731578522|2826316|35348|0|0|ONBBANK.COM|ONBBANK.COM|ONBBANK.COM|ONB BANK AND TRUST COMPANY|OK|TULSA|40|1|-1|2856706.0|TWENTY-FIRST CENTURY FINANCIAL SERVICES COMPANY|TULSA|OK|630895|0
2015|223751|2|2|-1|810110310|223751|15362|0|0|BELTVALLEYBANK.COM|BELTVALLEYBANK.COM|BELTVALLEYBANK.COM|BELT VALLEY BANK|MT|BELT|30|1|NaN|||||60661|0
2015|819855|2|2|-1|751254812|819855|19788|0|0|PEOPLESBANKTEXAS.COM|PEOPLESBANKTEXAS.COM|PEOPLESBANKTEXAS.COM|PEOPLES BANK|TX|LUBBOCK|48|1|-1|2814528.0|PEOPLES BANCORP, INC.|LUBBOCK|TX|360084|0
2015|423458|2|2|1|751105980|423458|18812|0|0|SOUTHWESTBANK.COM|SOUTHWESTBANK.COM|SOUTHWESTBANK.COM|SOUTHWEST BANK|TX|FORT WORTH|48|1|-1|3558726.0|FIRST TEXAS BHC, INC.|FORT WORTH|TX|1617450|0
2015|861304|2|2|-1|0|861304|16001|0|0||||ELMIRA SAVINGS BANK|NY|ELMIRA|36|1|NaN|||||546032|0
2015|365745|2|2|-1|270651918|365745|252|0|0||||PINNACLE BANK|IA|MARSHALLTOWN|19|1|-1|3916317.0|IOWA RIVER BANCORP, INC.|MARSHALLTOWN|IA|183732|0
2015|134848|2|2|-1|370547870|134848|11708|0|0||||TEUTOPOLIS STATE BANK|IL|TEUTOPOLIS|17|1|-1|1928615.0|TEUTOPOLIS HOLDING COMPANY|TEUTOPOLIS|IL|207197|0
2015|765019|2|2|1|230441580|765019|11866|0|0|BMTC.COM|BMTC.COM|BMTC.COM|BRYN MAWR TRUST COMPANY, THE|PA|BRYN MAWR|42|1|-1|1140994.0|BRYN MAWR BANK CORPORATION|BRYN MAWR|PA|2227393|0
2015|157856|2|2|-1|730188428|157856|15348|0|0||||FIRST BANK AND TRUST COMPANY|OK|CLINTON|40|1|-1|1055593.0|CLINTON BANCSHARES, INC.|CLINTON|OK|63710|0
2015|1187551|2|2|-1|621133542|1187551|27219|0|0||||BANKERS' BANK OF KENTUCKY, INC., THE|KY|FRANKFORT|21|1|-1|1248005.0|INDEPENDENT COMMUNITY BANCORP, INC.|FRANKFORT|KY|85025|0
2015|2785477|2|2|-1|232956401|2785477|34759|0|0|THEASIANBANK.COM|THEASIANBANK.COM|THEASIANBANK.COM|ASIAN BANK|PA|PHILADELPHIA|42|1|-1|2785459.0|ASIAN FINANCIAL CORPORATION|PHILADELPHIA|PA|108564|0
2015|14692|3|3|-1|420463300|968249|14692|0|0|PTSBANK.COM|PTSBANK.COM|PTSBANK.COM|PEOPLES TRUST & SAVINGS BANK|IA|CLIVE|19|1|-1|1203862.0|GREEN CIRCLE INVESTMENTS, INC.|CLIVE|IA|284946|0
2015|2444|3|3|-1|550145530|832528|2444|0|0|CLAYCOUNTYBANK.COM|CLAYCOUNTYBANK.COM|CLAYCOUNTYBANK.COM|CLAY COUNTY BANK, INC.|WV|CLAY|54|1|-1|1427211.0|FIRST CLAY COUNTY BANC CORPORATION|CLAY|WV|81638|0
2015|19525|3|3|-1|0|542667|19525|0|0||||MT. MCKINLEY BANK|AK|FAIRBANKS|2|1|NaN|||||353939|0
2015|15734|3|3|-1|420515640|811747|15734|0|0|SSBIA.NET|SSBIA.NET|SSBIA.NET|SECURITY SAVINGS BANK|SD|CANTON|46|1|-1|1206658.0|LARCH BANCORPORATION, INC.|LARCHWOOD|IA|183891|0
2015|34432|3|3|-1|611307175|2528656|34432|0|0||KYHOMEBANK.COM|KYHOMEBANK.COM|KENTUCKY HOME BANK, INC.|KY|BARDSTOWN|21|1|-1|2528665.0|KENTUCKY HOME BANCSHARES, INC.|BARDSTOWN|KY|110359|0
2015|15255|3|3|-1|620219800|83955|15255|0|0||||GREENFIELD BANKING COMPANY|TN|GREENFIELD|47|1|-1|1247026.0|GREENFIELD BANCSHARES, INC.|GREENFIELD|TN|51500|0
2015|18028|3|3|-1|20195180|92706|18028|0|0||||SUGAR RIVER BANK|NH|NEWPORT|33|1|-1|4191399.0|SUGAR RIVER BANCORP MHC|NEWPORT|NH|261257|0
2015|15584|3|3|-1|440393970|950141|15584|0|0|MIDMOBANK.COM|MIDMOBANK.COM|MIDMOBANK.COM|MID-MISSOURI BANK|MO|SPRINGFIELD|29|1|-1|1133455.0|MID-MISSOURI BANCSHARES, INC.|SPRINGFIELD|MO|596899|0
2015|58299|3|3|-1|205612706|3482812|58299|0|0||ccbankga.com|ccbankga.com|COLUMBUS COMMUNITY BANK|GA|COLUMBUS|13|1|NaN|||||120566|0
2015|34951|3|3|-1|0|2873860|34951|0|0||||HARVEST COMMUNITY BANK|NJ|PENNSVILLE|34|1|NaN|||||179846|0
2015|15977|3|3|1|0|729310|15977|0|0||||PATHFINDER BANK|NY|OSWEGO|36|1|-1|2596776.0|PATHFINDER BANCORP, INC.|OSWEGO|NY|560634|0
2015|22447|3|3|-1|840724893|541754|22447|0|0|WRAYSTATEBANK.COM|WRAYSTATEBANK.COM|WRAYSTATEBANK.COM|WRAY STATE BANK|CO|WRAY|8|1|-1|3685891.0|HOTC INVESTMENT COMPANY|WRAY|CO|109324|0
2015|1946|3|3|-1|430389170|35057|1946|0|0||||ALLIANT BANK|MO|MADISON|29|1|-1|2352253.0|NEMO BANCSHARES, INC|MADISON|MO|145715|0
2015|12054|3|3|1|135052245|137915|12054|0|0||||EMIGRANT BANK|NY|NEW YORK|36|1|-1|2089036.0|EMIGRANT BANCORP, INC.|NEW YORK|NY|6313603|0
2015|12054|3|3|1|135052245|137915|12054|0|0||||EMIGRANT BANK|NY|NEW YORK|36|1|-1|2089036.0|EMIGRANT BANCORP, INC.|NEW YORK|NY|6313603|0
2015|9465|3|3|-1|730125580|246956|9465|0|0||||ALVA STATE BANK & TRUST COMPANY|OK|ALVA|40|1|-1|2942850.0|GRACE INVESTMENT COMPANY, INC.|ALVA|OK|305314|0
2015|9465|3|3|-1|730125580|246956|9465|0|0||||ALVA STATE BANK & TRUST COMPANY|OK|ALVA|40|1|-1|2942850.0|GRACE INVESTMENT COMPANY, INC.|ALVA|OK|305314|0
2015|3121|3|3|-1|750164917|239659|3121|0|0|FIRSTBANKWEB.COM|FIRSTBANKWEB.COM|firstbankweb.com|FIRST BANK|TX|BURKBURNETT|48|1|-1|1109544.0|FIRST BURKBURNETT BANCSHARES, INC.|WICHITA FALLS|TX|328434|0
2015|29745|3|3|-1|0|596978|29745|0|0||||MARATHON SAVINGS BANK|WI|WAUSAU|55|1|NaN|||||149702|0
2015|90290|3|3|1|41927940|709602|90290|0|0|UNIBANK.COM|UNIBANK.COM|UNIBANK.COM|UNIBANK FOR SAVINGS|MA|WHITINSVILLE|25|1|-1|2465519.0|UFS BANCORP|WHITINSVILLE|MA|1458470|0
2015|10122|3|3|-1|420246980|368344|10122|0|0|FSB-VINTON.COM|FSB-VINTON.COM|FSB-VINTON.COM|FARMERS SAVINGS BANK & TRUST|IA|TRAER|19|1|-1|1202333.0|TALEN, INC.|TRAER|IA|164115|0
2015|26575|3|3|-1|41852680|116077|26575|0|0|COASTALHERITAGEBANK.COM|S-BANK.COM|S-BANK.COM|S-BANK|MA|WEYMOUTH|25|1|-1|3164369.0|SOUTH SHORE MUTUAL HOLDING COMPANY|WEYMOUTH|MA|189246|0
2015|19101|3|3|-1|0|660927|19101|0|0||||HARFORD BANK|MD|ABERDEEN|24|1|NaN|||||303511|0
2015|23815|3|3|-1|630817863|504535|23815|0|0||||FIRST STATE BANK OF DEKALB COUNTY, INC.|AL|FORT PAYNE|1|1|-1|2115449.0|FIRST STATE BANCSHARES OF DEKALB COUNTY, INC.|FORT PAYNE|AL|95020|0
2015|11347|3|3|-1|420286590|783246|11347|0|0|GRINNELLBANK.COM|GRINNELLBANK.COM|GRINNELLBANK.COM|GRINNELL STATE BANK|IA|GRINNELL|19|1|-1|1208157.0|GRINNELL BANCSHARES, INC.|GRINNELL|IA|288639|0
2015|35169|3|3|-1|364292894|2791517|35169|0|0||||STATE BANK|IL|FREEPORT|17|1|-1|1137453.0|FORESIGHT FINANCIAL GROUP, INC.|ROCKFORD|IL|225267|0
2015|13054|3|3|-1|0|518354|13054|0|0||||PARK BANK|WI|HOLMEN|55|1|-1|4281197.0|GOLDEN OAK BANCSHARES, INC.|SPARTA|WI|49372|0
2015|8141|3|3|-1|720306740|125855|8141|0|0|SABINEBANK.COM|SABINEBANK.COM|SABINEBANK.COM|SABINE STATE BANK AND TRUST COMPANY|LA|MANY|22|1|-1|1108042.0|SABINE BANCSHARES, INC.|MANY|LA|782006|0
2015|28778|3|4|-1|0|159971|28778|0|0||||SOMERSET SAVINGS BANK, SLA|NJ|BOUND BROOK|34|1|NaN|||||571422|0
2015|1090|3|3|-1|381067360|236957|1090|0|0||||UPPER PENINSULA STATE BANK|MI|ESCANABA|26|1|-1|1129159.0|S.B.E. CORP.|ESCANABA|MI|179293|0
2015|68550|5|6|-1|840484190|985684|0|68550|0|YOURLOCALCREDITUNION.COM|YOURLOCALCREDITUNION.COM|YOURLOCALCREDITUNION.COM|COMMUNITY FINANCIAL CREDIT UNION|CO|BROOMFIELD|8|1|NaN|||||216650|0
2015|68616|5|6|-1|840405947|360393|0|68616|0|DENVERCOMMUNITY.COOP|DENVERCOMMUNITY.COOP|DENVERCOMMUNITY.COOP|DENVER COMMUNITY CREDIT UNION|CO|DENVER|8|1|NaN|||||269455|0
2015|67864|5|6|-1|41802000|557595|0|67864|0|STMARYSCU.ORG|STMARYSCU.ORG|STMARYSCU.ORG|SAINT MARY'S CREDIT UNION|MA|MARLBOROUGH|25|1|NaN|||||684571|0
2015|11144|5|6|-1|10241836|643582|0|11144|0|RAINBOWFCU.COM|RAINBOWFCU.COM|RAINBOWFCU.COM|RAINBOW FEDERAL CREDIT UNION|ME|LEWISTON|23|1|NaN|||||182146|0
2015|24568|5|6|-1|410415960|465999|0|24568|0|TOPLINECU.COM|TOPLINECU.COM|TOPLINECU.COM|TOPLINE FEDERAL CREDIT UNION|MN|MAPLE GROVE|27|1|NaN|||||357983|0
2015|68317|5|6|-1|391909991|269076|0|68317|0|EMPOWER-CU.ORG|EMPOWER-CU.ORG|EMPOWER-CU.ORG|EMPOWER CREDIT UNION|WI|WEST ALLIS|55|1|NaN|||||102783|0
2015|9292|5|6|-1|930460086|127288|0|9292|0|CONSOLIDATEDCCU.COM|CONSOLIDATEDCCU.COM|CONSOLIDATEDCCU.COM|CONSOLIDATED FEDERAL CREDIT UNION|OR|PORTLAND|41|1|NaN|||||181668|0
2015|1117|5|6|-1|250974214|1011674|0|1117|0|widgetfinancial.com|WIDGETFINANCIAL.COM|WIDGETFINANCIAL.COM|WIDGET FEDERAL CREDIT UNION|PA|ERIE|42|1|NaN|||||262007|0
2015|10465|5|6|-1|990087313|744984|0|10465|0|UHFCU.COM|uhfcu.com|UHFCU.COM|UNIVERSITY OF HAWAII FEDERAL CREDIT UNION|HI|HONOLULU|15|1|NaN|||||555672|0
2015|60056|5|6|-1|620962107|425292|0|60056|0|consumercreditunion.com|consumercreditunion.com|CONSUMERCREDITUNION.COM|CONSUMER CREDIT UNION|TN|GREENEVILLE|47|1|NaN|||||356163|0
2015|24563|5|6|-1|161490324|243179|0|24563|0|esl.org|esl.org|esl.org|ESL FEDERAL CREDIT UNION|NY|ROCHESTER|36|1|NaN|||||5015805|0
2015|66642|5|6|-1|396264347|813394|0|66642|0|COMMUNITYFIRSTCU.ORG|COMMUNITYFIRSTCU.ORG|COMMUNITYFIRSTCU.ORG|COMMUNITY FIRST CREDIT UNION|WI|APPLETON|55|1|NaN|||||2075216|0
2015|20661|5|6|-1|341089047|732084|0|20661|0|SBCGLOBAL.NET|SBCGLOBAL.NET|SBCGLOBAL.NET|DOY FEDERAL CREDIT UNION|OH|YOUNGSTOWN|39|1|NaN|||||44314|0
2015|24553|5|6|-1|951683316|758495|0|24553|0|LAPFCU.ORG|LAPFCU.ORG|LAPFCU.ORG|LOS ANGELES POLICE FEDERAL CREDIT UNION|CA|VAN NUYS|6|1|NaN|||||800087|0
2015|68456|5|6|-1|951818041|47489|0|68456|0|CUSOCAL.ORG|CUSOCAL.ORG|CUSOCAL.ORG|CREDIT UNION OF SOUTHERN CALIFORNIA|CA|ANAHEIM|6|1|NaN|||||927723|0
2015|62217|5|6|-1|380299643|206491|0|62217|0|GOAAC.COM|AACCREDITUNION.ORG|AACCREDITUNION.ORG|A A C CREDIT UNION|MI|GRAND RAPIDS|26|1|NaN|||||93207|0
2015|5029|5|6|-1|750813510|699178|0|5029|0|rrfcu.com|rrfcu.com|rrfcu.com|RED RIVER EMPLOYEES FEDERAL CREDIT UNION|TX|TEXARKANA|48|1|NaN|||||686374|0
2015|5652|5|6|-1|930458542|566177|0|5652|0||||CASCADE COMMUNITY FEDERAL CREDIT UNION|OR|ROSEBURG|41|1|NaN|||||169536|0
2015|63597|5|6|-1|430300770|778194|0|63597|0|UNITEDCU.ORG|UNITEDCU.ORG|UNITEDCU.ORG|UNITED CREDIT UNION|MO|MEXICO|29|1|NaN|||||143110|0
2015|4915|5|6|-1|860146700|685872|0|4915|0|AEAFCU.ORG|AEAFCU.ORG|AEAFCU.ORG|A.E.A. FEDERAL CREDIT UNION|AZ|YUMA|4|1|NaN|||||238460|0
2015|8111|5|6|-1|741185010|491381|0|8111|0|RBFCU.ORG|RBFCU.ORG|RBFCU.ORG|RANDOLPH BROOKS FEDERAL CREDIT UNION|TX|LIVE OAK|48|1|NaN|||||6283653|0
2015|24304|5|6|-1|741245535|573698|0|24304|0||||BORDER FEDERAL CREDIT UNION|TX|DEL RIO|48|1|NaN|||||125353|0
2015|18944|5|6|-1|362659309|39587|0|18944|0|RVFCU.ORG|RVFCU.ORG|RVFCU.ORG|ROCK VALLEY FEDERAL CREDIT UNION|IL|LOVES PARK|17|1|NaN|||||84911|0
2015|21630|5|6|-1|237422687|6682|0|21630|0|NEFCUNY.ORG|NEFCUNY.ORG|NEFCUNY.ORG|NORTHEASTERN ENGINEERS FEDERAL CREDIT UNION|NY|RICHMOND HILL|36|1|NaN|||||63938|0
2015|911|5|6|-1|256035142|207975|0|911|0|STARUSAFCU.COM|STARUSAFCU.COM|STARUSAFCU.COM|STAR USA FEDERAL CREDIT UNION|WV|CHARLESTON|54|1|NaN|||||169459|0
2015|62049|5|6|-1|381629793|763695|0|62049|0|msgcu.org|msgcu.org|msgcu.org|MICHIGAN SCHOOLS AND GOVERNMENT CREDIT UNION|MI|CLINTON TOWNSHIP|26|1|NaN|||||1538323|0
2015|12977|5|6|-1|560706163|708687|0|12977|0|MARINEFEDERAL.ORG|MARINEFEDERAL.ORG|MARINEFEDERAL.ORG|MARINE FEDERAL CREDIT UNION|NC|JACKSONVILLE|37|1|NaN|||||719043|0
2015|68196|5|6|-1|910565155|90999|0|68196|0|REDCANOECU.COM|REDCANOECU.COM|REDCANOECU.COM|RED CANOE CREDIT UNION|WA|LONGVIEW|53|1|NaN|||||638074|0
2015|2182|5|6|-1|221497860|101475|0|2182|0|GREATERALLIANCE.ORG|GREATERALLIANCE.ORG|GREATERALLIANCE.ORG|GREATER ALLIANCE FEDERAL CREDIT UNION|NJ|PARAMUS|34|1|NaN|||||163558|0
2015|4633|5|6|-1|951676228|209278|0|4633|0|CAMINOFCU.ORG|CAMINOFCU.ORG|CAMINOFCU.ORG|CAMINO FEDERAL CREDIT UNION|CA|MONTEBELLO|6|1|NaN|||||133083|0
2015|208978372|7|-1|-1|208978372|4320676|0|0|0|equitymb.com|EQUITYMB.COM|EQUITYMB.COM|EQUITY MORTGAGE BANKERS, LLC|FL|MIAMI|12|1|NaN|||||-1|-1
2015|752838184|7|-1|-1|752838184|3844465|0|0|0|BENCHMARK.US|BENCHMARK.US|BENCHMARK.US|BENCHMARK MORTGAGE|TX|DALLAS|48|1|NaN|||||-1|-1
2015|300583815|7|-1|-1|300583815|4437592|0|0|0|ryland.com|ryland.com|ryland.com|RMC MORTGAGE CORPORATION|GA|ALPHARETTA|13|1|NaN|||||-1|-1
2015|251613078|7|-1|-1|251613078|3837485|0|0|0|SAILMC.COM|sailmc.com|sailmc.com|S.I.M. CORPORATION|PA|ALIQUIPPA|42|1|NaN|||||-1|-1
2015|10940996|7|-1|-1|10940996|4320256|0|0|0|sefcumortgageservices.com|SEFCUMORTGAGESERVICES.COM|SEFCUMORTGAGESERVICES.COM|SEFCU SERVICES, LLC|NY|COHOES|36|1|NaN|||||-1|-1
2015|582200634|7|-1|-1|582200634|4320694|0|0|0|MILEND.COM|MILEND.COM|MILEND.COM|MILEND, INC.|GA|ATLANTA|13|1|NaN|||||-1|-1
2015|330534042|7|-1|-1|330534042|3876457|0|0|0|WCCLOANS.COM|WCCLOANS.COM|WCCLOANS.COM|WHOLESALE CAPITAL CORPORATION|CA|MORENO VALLEY|6|1|NaN|||||-1|-1
2015|330607813|7|-1|-1|330607813|3877669|0|0|0|4EASTLAND.COM|4EASTLAND.COM|4EASTLAND.COM|EASTLAND FINANCIAL CORPORATION|CA|IRVINE|6|1|NaN|||||-1|-1
2015|200321413|7|-1|-1|200321413|3882690|0|0|0|MLEND.COM|MLEND.COM|MLEND.COM|MILLEMMIUM FINANCIAL GROUP INC|MD|MIDDLETOWN|24|1|NaN|||||-1|-1
2015|660674421|7|-1|-1|660674421|4327965|0|0|0|MULTI-MORTGAGE.COM|MULTI-MORTGAGE.COM|MULTI-MORTGAGE.COM|WALL STREET MORTGAGE BANKERS|PR|SAN JUAN|72|1|NaN|||||-1|-1
2015|770605392|7|-1|-1|770605392|4183684|0|0|0|NLCLOANS.COM|nlcloans.com|NLCLOANS.COM|NATIONS LENDING CORPORATION|OH|CLEVELAND|39|1|NaN|||||-1|-1
2015|112108436|7|-1|-1|112108436|3873607|0|0|0|MORTGAGECORP.COM|MORTGAGECORP.COM|MORTGAGECORP.COM|MID-ISLAND MORTGAGE CORP.|NY|WESTBURY|36|1|NaN|||||-1|-1
2015|770293745|7|-1|-1|770293745|4438085|0|0|0||PROVIDENT.COM|PROVIDENT.COM|PROVIDENT FUNDING GROUP, INC.|CA|SAN BRUNO|6|1|NaN|||||-1|-1
2015|522337558|7|-1|-1|522337558|4533609|0|0|0|MTGDIR.COM|MTGDIR.COM|MTGDIR.COM|TAYLOR MORRISON HOME FUNDING|FL|MAITLAND|12|1|NaN|||||-1|-1
2015|223470404|7|-1|-1|223470404|3949605|0|0|0|OCEANSIDEMORTGAGE.NET|OCEANSIDEMORTGAGE.NET|OCEANSIDEMORTGAGE.NET|OCEANSIDE MORTGAGE COMPANY|NJ|FORKED RIVER|34|1|NaN|||||-1|-1
2015|208552989|7|-1|-1|208552989|4184382|0|0|0|PEPLENDING.COM|PEPLENDING.COM|PEPLENDING.COM|PERFORMANCE EQUITY PARTNERS INC|IL|MOKENA|17|1|NaN|||||-1|-1
2015|611645461|7|-1|-1|611645461|4533841|0|0|0|LSP-LLC.NET|LSP-LLC.NET|GMMLLC.COM|ATLANTIC COAST MORTGAGE LLC|VA|FAIRFAX|51|1|NaN|||||-1|-1
2015|262597540|7|-1|-1|262597540|4533597|0|0|0|MTGDIR.COM|MTGDIR.COM|MTGDIR.COM|MATTMY HOME FUNDING|FL|MAITLAND|12|1|NaN|||||-1|-1
2015|631052225|7|-1|-1|631052225|4320658|0|0|0|cishomeloans.com|CISHOMELOANS.COM|CISFN.COM|CIS FINANCIAL SERVICES, INC.|AL|HAMILTON|1|1|NaN|||||-1|-1
2015|272389039|7|-1|-1|272389039|4437873|0|0|0|ANNIE-MAC.COM|ANNIE-MAC.COM|ANNIE-MAC.COM|AMERICAN NEIGHBORHOOD MORTGAGE|NJ|MOUNT LAUREL|34|1|NaN|||||-1|-1
2015|680309242|7|-1|-1|680309242|3955651|0|0|0|CMGFI.COM|CMGFI.COM|CMGFI.COM|CMG MORTGAGE, INC.|CA|SAN RAMON|6|1|NaN|||||-1|-1
2015|383024363|7|11|-1|383024363|1930074|0|0|0|UNIVERSITY-BANK.COM|UNIVERSITY-BANK.COM|UNIVERSITY-BANK.COM|MIDWEST LOAN SERVICES, INC.|MI|HOUGHTON|26|1|14587|137652.0|UNIVERSITY BANK|ANN ARBOR|MI|-1|2
2015|383024363|7|11|-1|383024363|1930074|0|0|0|UNIVERSITY-BANK.COM|UNIVERSITY-BANK.COM|UNIVERSITY-BANK.COM|MIDWEST LOAN SERVICES, INC.|MI|HOUGHTON|26|1|14587|137652.0|UNIVERSITY BANK|ANN ARBOR|MI|-1|2
2015|542121061|7|-1|-1|542121061|3885365|0|0|0|||RMRFINANCIAL.COM|LANDOVER MORTGAGE LIMITED LIABILITY COMPANY|CA|LOS GATOS|6|1|NaN|||||-1|-1
2015|753170028|7|-1|-1|753170028|3955491|0|0|0|loanpacific.com|loanpacific.com|loanpacific.com|PACIFIC UNION FINANCIAL, LLC|CA|WALNUT CREEK|6|1|NaN|||||-1|-1
2015|208549934|7|-1|-1|208549934|3954869|0|0|0|1HALLMARK.COM|1HALLMARK.COM|1HALLMARK.COM|HALLMARK HOME MORTGAGE LLC|IN|FORT WAYNE|18|1|NaN|||||-1|-1
2015|330175937|7|-1|-1|330175937|3880829|0|0|0|ESSEXMORTGAGE.COM|ESSEXMORTGAGE.COM|ESSEXMORTGAGE.COM|ESSEX MORTGAGE|CA|ANAHEIM|6|1|NaN|||||-1|-1
2015|232721546|7|-1|-1|232721546|3904930|0|0|0|ALLIEDMG.COM|ALLIEDMG.COM|ALLIEDMG.COM|ALLIED MORTGAGE GROUP|PA|BALA CYNWYD|42|1|NaN|||||-1|-1
2015|660545351|7|-1|-1|660545351|3872271|0|0|0|MONEYHOUSEPR.COM|MONEYHOUSEPR.COM|MONEYHOUSEPR.COM|MONEY HOUSE, INC., THE|PR|SAN JUAN|72|1|NaN|||||-1|-1
2015|112998485|7|-1|-1|112998485|3874220|0|0|0|whitmanmortgage.com|WHITMANMORTGAGE.COM|WHITMANMORTGAGE.COM|WHITMAN MORTGAGEE|NY|MELVILLE|36|1|NaN|||||-1|-1
2015|517900|9|1|1|160428985|517900|16004|0|24968|FNFG.COM|FNFG.COM|FNFG.COM|FIRST NIAGARA BANK, NATIONAL ASSOCIATION|NY|BUFFALO|36|1|2648693|2648693.0|FIRST NIAGARA FINANCIAL GROUP, INC.|BUFFALO|NY|38494804|0
2015|2942690|9|3|1|0|2942690|57053|0|0||||SIGNATURE BANK|NY|NEW YORK|36|1|NaN|||||27318640|0
2015|527954|9|1|1|470259043|527954|5452|0|209|FNNI.COM|FNNI.COM|FNNI.COM|FIRST NATIONAL BANK OF OMAHA|NE|OMAHA|31|1|1020902|1020902.0|FIRST NATIONAL OF NEBRASKA, INC.|OMAHA|NE|17377985|0
2015|527954|9|1|1|470259043|527954|5452|0|209|FNNI.COM|FNNI.COM|FNNI.COM|FIRST NATIONAL BANK OF OMAHA|NE|OMAHA|31|1|1020902|1020902.0|FIRST NATIONAL OF NEBRASKA, INC.|OMAHA|NE|17377985|0
2015|795968|9|2|1|990033900|795968|18053|0|0|boh.com|boh.com|boh.com|BANK OF HAWAII|HI|HONOLULU|15|1|1025309|1025309.0|BANK OF HAWAII CORPORATION|HONOLULU|HI|14832459|0
2015|1842065|9|3|1|363722148|1842065|33306|0|0|theprivatebank.com|theprivatebank.com|theprivatebank.com|PRIVATEBANK AND TRUST COMPANY, THE|IL|CHICAGO|17|1|1839319|1839319.0|PRIVATEBANCORP, INC.|CHICAGO|IL|15574465|0
2015|664756|9|3|1|742139516|664756|16835|0|0|prosperitybankusa.com|prosperitybankusa.com|prosperitybankusa.com|PROSPERITY BANK|TX|EL CAMPO|48|1|1109599|1109599.0|PROSPERITY BANCSHARES, INC.|HOUSTON|TX|21504119|0
2015|30810|9|3|1|510020270|30810|5649|0|0|DISCOVER.COM|DISCOVER.COM||DISCOVER BANK|DE|GREENWOOD|10|1|3846375|3846375.0|DISCOVER FINANCIAL SERVICES|RIVERWOODS|IL|81661915|0
2015|1438589|9|3|1|112870330|1438589|32749|0|0||||NEW YORK COMMERCIAL BANK|NY|ISLANDIA|36|1|2132932|2132932.0|NEW YORK COMMUNITY BANCORP, INC.|WESTBURY|NY|4349529|0
2015|12311|9|1|1|310966785|12311|6560|0|7745|Huntington.com|huntington.com|huntington.com|HUNTINGTON NATIONAL BANK, THE|OH|COLUMBUS|39|1|1068191|1068191.0|HUNTINGTON BANCSHARES INCORPORATED|COLUMBUS|OH|66111039|0
2015|837260|9|3|1|952783330|837260|20852|0|0|calbt.com|calbt.com|calbt.com|CALIFORNIA BANK &amp; TRUST|CA|SAN DIEGO|6|1|1027004|1027004.0|ZIONS BANCORPORATION|SALT LAKE CITY|UT|11340164|0
2015|817824|9|1|1|221146430|817824|6384|0|1316|pnc.com|pnc.com|pnc.com|PNC BANK, NATIONAL ASSOCIATION|DE|WILMINGTON|10|1|1469314|1469314.0|PNC BANCORP, INC.|WILMINGTON|DE|335060015|0
2015|817824|9|1|1|221146430|817824|6384|0|1316|pnc.com|pnc.com|pnc.com|PNC BANK, NATIONAL ASSOCIATION|DE|WILMINGTON|10|1|1469314|1469314.0|PNC BANCORP, INC.|WILMINGTON|DE|335060015|0
2015|497404|9|1|1|10137770|497404|18409|0|24096|tdbanknorth.com|tdbanknorth.com|TD.COM|TD BANK, N.A.|DE|WILMINGTON|10|1|1249196|1249196.0|TD BANK US HOLDING COMPANY|CHERRY HILL|NJ|230280000|0
2015|497404|9|1|1|10137770|497404|18409|0|24096|tdbanknorth.com|tdbanknorth.com|TD.COM|TD BANK, N.A.|DE|WILMINGTON|10|1|1249196|1249196.0|TD BANK US HOLDING COMPANY|CHERRY HILL|NJ|230280000|0
2015|497404|9|1|1|10137770|497404|18409|0|24096|tdbanknorth.com|tdbanknorth.com|TD.COM|TD BANK, N.A.|DE|WILMINGTON|10|1|1249196|1249196.0|TD BANK US HOLDING COMPANY|CHERRY HILL|NJ|230280000|0
2015|613307|9|5|1|61213065|613307|27334|0|718027|peoples.com|peoples.com|peoples.com|PEOPLE'S UNITED BANK|CT|BRIDGEPORT|9|1|3650152|3650152.0|PEOPLE'S UNITED FINANCIAL, INC.|BRIDGEPORT|CT|35755742|0
2015|311845|9|2|1|710118700|311845|8728|0|0|ARVEST.COM|ARVEST.COM|ARVEST.COM|ARVEST BANK|AR|FAYETTEVILLE|5|1|1845673|1845673.0|ARVEST HOLDINGS, INC.|BENTONVILLE|AR|14944176|0
2015|311845|9|2|1|710118700|311845|8728|0|0|ARVEST.COM|ARVEST.COM|ARVEST.COM|ARVEST BANK|AR|FAYETTEVILLE|5|1|1845673|1845673.0|ARVEST HOLDINGS, INC.|BENTONVILLE|AR|14944176|0
2015|3303298|9|1|1|202635739|3303298|57957|0|24571|citizensbank.com|citizensbank.com|rbscitizens.com|CITIZENS BANK, NATIONAL ASSOCIATION|RI|PROVIDENCE|44|1|1132449|1132449.0|CITIZENS FINANCIAL GROUP, INC.|PROVIDENCE|RI|102971333|0
2015|3303298|9|1|1|202635739|3303298|57957|0|24571|citizensbank.com|citizensbank.com|rbscitizens.com|CITIZENS BANK, NATIONAL ASSOCIATION|RI|PROVIDENCE|44|1|1132449|1132449.0|CITIZENS FINANCIAL GROUP, INC.|PROVIDENCE|RI|102971333|0
2015|3303298|9|1|1|202635739|3303298|57957|0|24571|citizensbank.com|citizensbank.com|rbscitizens.com|CITIZENS BANK, NATIONAL ASSOCIATION|RI|PROVIDENCE|44|1|1132449|1132449.0|CITIZENS FINANCIAL GROUP, INC.|PROVIDENCE|RI|102971333|0
2015|3303298|9|1|1|202635739|3303298|57957|0|24571|citizensbank.com|citizensbank.com|rbscitizens.com|CITIZENS BANK, NATIONAL ASSOCIATION|RI|PROVIDENCE|44|1|1132449|1132449.0|CITIZENS FINANCIAL GROUP, INC.|PROVIDENCE|RI|102971333|0
2015|3303298|9|1|1|202635739|3303298|57957|0|24571|citizensbank.com|citizensbank.com|rbscitizens.com|CITIZENS BANK, NATIONAL ASSOCIATION|RI|PROVIDENCE|44|1|1132449|1132449.0|CITIZENS FINANCIAL GROUP, INC.|PROVIDENCE|RI|102971333|0
2015|1443266|9|1|-1|953915706|1443266|25178|0|24077||||BANK OF AMERICA CALIFORNIA, NATIONAL ASSOCIATION|CA|SAN FRANCISCO|6|1|1199769|1199769.0|BANA HOLDING CORPORATION|CHARLOTTE|NC|26261000|0
2015|1443266|9|1|-1|953915706|1443266|25178|0|24077||||BANK OF AMERICA CALIFORNIA, NATIONAL ASSOCIATION|CA|SAN FRANCISCO|6|1|1199769|1199769.0|BANA HOLDING CORPORATION|CHARLOTTE|NC|26261000|0
2015|1443266|9|1|-1|953915706|1443266|25178|0|24077||||BANK OF AMERICA CALIFORNIA, NATIONAL ASSOCIATION|CA|SAN FRANCISCO|6|1|1199769|1199769.0|BANA HOLDING CORPORATION|CHARLOTTE|NC|26261000|0
2015|1443266|9|1|-1|953915706|1443266|25178|0|24077||||BANK OF AMERICA CALIFORNIA, NATIONAL ASSOCIATION|CA|SAN FRANCISCO|6|1|1199769|1199769.0|BANA HOLDING CORPORATION|CHARLOTTE|NC|26261000|0
2015|940311|9|2|1|660561870|940311|34968|0|0|POPULAR.COM|BPPR.COM|POPULAR.COM|BANCO POPULAR DE PUERTO RICO|PR|SAN JUAN|72|1|1129382|1129382.0|POPULAR, INC.|SAN JUAN|PR|27091000|0
2015|972590|9|6|-1|910219435|972590|0|62604|0|BECU.ORG|BECU.ORG|BECU.ORG|BOEING EMPLOYEES CREDIT UNION|WA|TUKWILA|53|1|NaN|||||13050765|0
2015|-1|-1|-1|-1|0|3246603|0|0|0||||ALENIA AERONAUTICA, SPA|0|ROME|0|0|NaN|||||-1|-1
2015|-1|-1|-1|-1|0|4222855|0|0|0||||CRYSTAL BEACH CAPITAL LLC|FL|TAMPA|12|0|NaN|||||-1|-1
2015|-1|-1|-1|-1|0|2406530|0|0|0||||KERZNER INTERNATIONAL LIMITED|0|PARADISE ISLAND|0|0|NaN|||||-1|-1
2015|-1|-1|-1|-1|752817096|3791000|0|0|0||||ROSELAND FAMILY COMMUNITY, L.P.|TX|DALLAS|48|0|-1|3780657.0|THOF IV, LTD.|AUSTIN|TX|-1|-1
2015|-1|-1|-1|-1|752817096|3791000|0|0|0||||ROSELAND FAMILY COMMUNITY, L.P.|TX|DALLAS|48|0|-1|3780657.0|THOF IV, LTD.|AUSTIN|TX|-1|-1
2015|-1|-1|-1|-1|752817096|3791000|0|0|0||||ROSELAND FAMILY COMMUNITY, L.P.|TX|DALLAS|48|0|-1|3780657.0|THOF IV, LTD.|AUSTIN|TX|-1|-1
2015|-1|-1|-1|-1|0|4645481|0|0|0||||HOLDING D'INFRASTRUCTURES DES METIERS DE L'ENVIRONEMENT|0|GUYANCOURT|0|0|NaN|||||-1|-1
2015|-1|-1|-1|-1|0|1680061|0|0|0||||WATER GARDEN ASSOCIATES A CALIFORNIA GENERAL PARTNERSHIP|CA|LOS ANGELES|6|0|NaN|||||-1|-1
2015|-1|-1|-1|-1|0|1454758|0|0|0||||WESTPLAINS ENERGY COLORADO - ROCKY FORD|CO|PUEBLO|8|0|NaN|||||-1|-1
2015|-1|-1|-1|-1|262002357|4872241|0|0|0||||DEUTSCHE BANK SPEARS/LIFERS TRUST, SERIES DB-597|NY|NEW YORK|36|0|-1|4302533.0|DB CHAMBERS LIMITED|WILMINGTON|DE|-1|-1
2015|-1|-1|-1|-1|0|1609343|0|0|0||||GREYLOCK PIPELINE INC.|TX|HOUSTON|48|0|NaN|||||-1|-1
2015|-1|-1|-1|-1|0|3318881|0|0|0||||SOUTHFORK CLO LTD.|TX|HOUSTON|48|0|NaN|||||-1|-1
2015|-1|-1|-1|-1|0|1041103|0|0|0||||INTERACTIVE DATA CORPORATION|MA|WALTHAM|25|0|NaN|||||-1|-1
2015|-1|-1|-1|-1|0|1582156|0|0|0||||BOLIVAR INTERNATIONAL BANK|0|GEORGE TOWN|0|0|NaN|||||-1|-1
2015|-1|-1|-1|-1|0|1556942|0|0|0||||EQUITABLE OF IOWA COMPANIES|IA|DES MOINES|19|0|NaN|||||-1|-1
2015|-1|-1|11|-1|371456845|4292689|0|0|0||||GOLD LEAF TITLE COMPANY|FL|MIAMI|12|0|21468|790534.0|TOTALBANK|MIAMI|FL|-1|2
2015|-1|-1|11|-1|371456845|4292689|0|0|0||||GOLD LEAF TITLE COMPANY|FL|MIAMI|12|0|21468|790534.0|TOTALBANK|MIAMI|FL|-1|2
2015|-1|-1|-1|-1|205652788|3484405|0|0|0||||CREDIT SUISSE/CFIG CERBERUS IV SPV, LLC|NY|NEW YORK|36|0|NaN|||||-1|-1
2015|18724|3|3|-1|470125910|235558|18724|0|0||||CITIZENS STATE BANK|NE|CARLETON|31|0|-1|1052949.0|CARLETON AGENCY, INC.|CARLETON|NE|17267|0
2015|-1|-1|-1|-1|0|2548588|0|0|0||||SOUND ADVICE, INC.|FL|DANIA|12|0|NaN|||||-1|-1
2015|-1|-1|-1|-1|0|1653177|0|0|0||||BRAMALEA CAPITAL CORP.|0|TORONTO|0|0|NaN|||||-1|-1
2015|-1|-1|-1|-1|200740151|3872365|0|0|0||||UNITED COMMUNITY MORTGAGE CORP|NJ|KEYPORT|34|0|NaN|||||-1|-1
2015|-1|-1|-1|-1|0|2458436|0|0|0||||ITAUTEC PHILCO S.A.|0|MANAUS|0|0|NaN|||||-1|-1
2015|-1|-1|-1|-1|0|4563307|0|0|0||||FACULTAS FUND (GENPAR), LLC|NY|NEW YORK|36|0|-1|2295109.0|BLACKROCK FINANCIAL MANAGEMENT, INC.|NEW YORK|NY|-1|-1
2015|-1|-1|9|-1|330917586|3825978|0|0|0||||LONG BEACH SECURITIES CORP.|CA|ORANGE|6|0|852218|852218.0|JPMORGAN CHASE BANK, NATIONAL ASSOCIATION|COLUMBUS|OH|-1|1
2015|-1|-1|9|-1|330917586|3825978|0|0|0||||LONG BEACH SECURITIES CORP.|CA|ORANGE|6|0|852218|852218.0|JPMORGAN CHASE BANK, NATIONAL ASSOCIATION|COLUMBUS|OH|-1|1
2015|-1|-1|-1|-1|0|4867322|0|0|0||||PARADEPLATZ 2002 PLAN, L.P.|0|HAMILTON|0|0|-1|2803924.0|CREDIT SUISSE (BERMUDA) LIMITED|NEW YORK|NY|-1|-1
2015|-1|-1|-1|-1|0|4867322|0|0|0||||PARADEPLATZ 2002 PLAN, L.P.|0|HAMILTON|0|0|-1|2803924.0|CREDIT SUISSE (BERMUDA) LIMITED|NEW YORK|NY|-1|-1
2015|-1|-1|-1|-1|0|4403636|0|0|0||||BLACKROCK FIN STRATEGIC INCOME OPPORTUNITIES BOND FUND|CA|SAN FRANCISCO|6|0|NaN|||||-1|-1
2015|-1|-1|-1|-1|0|2710910|0|0|0||||ENVIRONMENTAL PRIVATE EQUITY MANAGEMENT II, L.P.|CA|SAN FRANCISCO|6|0|NaN|||||-1|-1
